alpha_speed,alpha_other,eligible,mean_rel_MAE_sd_pct,sd_rel_MAE_sd_pct,mean_R2,sd_R2,speed_OE_mean,speed_OE_sd
1.0,0.33,False,2.135572478108241,0.25374623628306353,0.9988559017443311,0.0003029594804059891,54.76210844131337,4.038600132650234
1.0,0.5,False,1.9033550654095621,0.2504994853686377,0.9990987376031925,0.00023722711534925154,55.65619284477002,4.448593292194469
1.0,0.67,False,1.8013324954430388,0.15606704951640815,0.9991967523974703,0.00013081411892805592,56.62819706397515,9.250963281131185
1.0,0.8,False,1.9319836298865787,0.24287352464936376,0.9990672396479047,0.0002087320100214917,51.27518700949322,9.487646635377905
1.0,1.0,False,1.8362269196466499,0.22644789284757558,0.9991303919027184,0.00019099479623801353,54.58199870327182,4.773812756497386
1.0,1.5,False,1.7575995048243425,0.19125333368841815,0.9991599625979324,0.00017134612124325972,57.52762321336985,11.201405873612023
1.5,0.33,True,2.2062729542918715,0.1244740377723335,0.9987930495803414,0.00017624420463418377,45.34441681101639,2.4670802299789085
1.5,0.5,False,2.020975812180949,0.14431167372630463,0.9990036039766441,0.00013622918466406326,48.19803168274674,6.378462124094714
1.5,0.67,False,1.8665627112150454,0.13321045015067512,0.9991291490272047,0.00012501770793366828,53.7919235123915,7.390707494566419
1.5,0.8,False,1.8298518415562106,0.1471932938942805,0.9991525698816334,0.00011605979052229776,51.87764305137561,2.213679772118783
1.5,1.0,False,1.747568946032611,0.2435230418658432,0.9991953330889256,0.00020984669506469674,47.711352177825944,2.4016098759995814
1.5,1.5,False,1.7715785300480227,0.17970871224651022,0.9991443301738592,0.00016952333323671032,47.580905193686675,10.255375573699295
2.0,0.33,False,1.9972510968434798,0.20745788063111464,0.9990287973320339,0.00019489345197732175,47.98153613904024,10.984232837812606
2.0,0.5,False,1.8398535289285256,0.20349759132005407,0.9991667785175906,0.0001848277868596069,46.88036230972449,8.517971393293665
2.0,0.67,False,1.748052572881815,0.21475169792088897,0.9992239054033968,0.00015664957539027646,39.187319159642726,7.2627308070289
2.0,0.8,False,1.9159868160366393,0.1507116707462724,0.9990883822521746,0.00014390243919273175,43.38682175793762,1.2772846181496633
2.0,1.0,False,1.7827535396802365,0.13153293188476947,0.9991874467792261,0.00010822261537915887,39.361042027540954,11.070963368937333
2.0,1.5,False,1.7966475560335513,0.2622392693815299,0.9991216930769873,0.00020541919971050267,39.44147788304286,7.319586162189743
3.0,0.33,False,1.960085874163925,0.1257210706583388,0.9990611422136434,0.00011824350142164605,42.73861250084674,6.224814617794141
3.0,0.5,False,2.0806939680140975,0.13926759062624822,0.9989430014010756,0.00014736855684381362,38.03028924780089,3.552444816750779
3.0,0.67,False,1.864355141357661,0.2875859296394027,0.99910446332383,0.00025143317880098293,34.1629038969585,8.64128930841493
3.0,0.8,False,1.7324695789502964,0.10458100275058753,0.9992213659636571,0.00010022767195113602,44.21146346419966,4.940740011671119
3.0,1.0,False,1.8225943748587063,0.17462287824419295,0.9991608521729614,0.00014485101043602307,32.6402740547916,8.44750048411701
3.0,1.5,False,1.8635837109593563,0.1943063323003057,0.999069393528558,0.00018436963835228334,39.13126953559713,8.26798994703249
5.0,0.33,False,2.0555219808757186,0.13382181541453167,0.9989810705920676,0.0001337716553677612,32.18854814829152,10.484719909449781
5.0,0.5,False,2.0171623235260374,0.08648039306419114,0.9989950923073352,8.906263607355003e-05,24.66736986752083,10.98108078183695
5.0,0.67,False,2.0176648806699395,0.17144933699104448,0.9989912245161475,0.0001948632009548495,30.676795339520208,11.100772416253102
5.0,0.8,False,1.9600696684968208,0.20729226806928708,0.9990242658216429,0.0001872801229661567,23.729119289315538,8.704367237479133
5.0,1.0,False,1.791318573484792,0.12693592941834056,0.9991700361648302,0.00011410301872754437,25.217414865924113,6.680199330422215
5.0,1.5,False,1.6798286247600995,0.19887267964343067,0.9992451659028225,0.00015236759644665258,23.858482440945643,11.121923348773072
